,id,name,gender,nationality,permalink,thumbnail,similar_names,similar_links,thumbnails
0,4e972c2fffe11800010004c7,Ruth Asawa,female,Japanese-American,https://www.artsy.net/artist/ruth-asawa,https://d32dm0rphc51dk.cloudfront.net/4FEktOvG59J-SZvxEMFiYQ/four_thirds.jpg,"['Ben Shahn', 'Dorothea Rockburne', 'Robert Rauschenberg', 'Harry Callahan', 'Kenneth Snelson']","['https://www.artsy.net/artist/ben-shahn', 'https://www.artsy.net/artist/dorothea-rockburne', 'https://www.artsy.net/artist/robert-rauschenberg', 'https://www.artsy.net/artist/harry-callahan', 'https://www.artsy.net/artist/kenneth-snelson']","['https://d32dm0rphc51dk.cloudfront.net/yBICi1URKO16nr6LZVJ52g/four_thirds.jpg', 'https://d32dm0rphc51dk.cloudfront.net/jYnps3D3PslplhMtF_yrPA/four_thirds.jpg', 'https://d32dm0rphc51dk.cloudfront.net/o9CIZ7L7O_4c62Ht3vEBdg/four_thirds.jpg', 'https://d32dm0rphc51dk.cloudfront.net/RJRXi-PTD0ApzN-0OHe9BA/four_thirds.jpg', 'https://d32dm0rphc51dk.cloudfront.net/2ubdJcQuKSI4D4Gz-7btKA/four_thirds.jpg']"
1,4e96f7705554c900010027db,Berenice Abbott,female,American,https://www.artsy.net/artist/berenice-abbott,https://d32dm0rphc51dk.cloudfront.net/ifmht9PBQo_qgUaXXsEEsQ/four_thirds.jpg,"['Bill Brandt', 'Paul Strand', 'Arnold Eagle', 'Walker Evans', 'Dorothea Lange']","['https://www.artsy.net/artist/bill-brandt', 'https://www.artsy.net/artist/paul-strand', 'https://www.artsy.net/artist/arnold-eagle', 'https://www.artsy.net/artist/walker-evans', 'https://www.artsy.net/artist/dorothea-lange']","['https://d32dm0rphc51dk.cloudfront.net/s6uPnejXg-bqiZStv0V-Jg/four_thirds.jpg', 'https://d32dm0rphc51dk.cloudfront.net/IjZYcx38b9XGOvJhQTwSdw/four_thirds.jpg', 'https://d32dm0rphc51dk.cloudfront.net/0g5Y6FPyuYu8tWM5qEa7AQ/square.jpg', 'https://d32dm0rphc51dk.cloudfront.net/WScuLAxfob1UCsHIFK5VDA/four_thirds.jpg', 'https://d32dm0rphc51dk.cloudfront.net/F77WnsMF_06x0G5UddDFhQ/four_thirds.jpg']"
2,4f552b2e3b5552417000000a,Anni Albers,female,German-American,https://www.artsy.net/artist/anni-albers,https://d32dm0rphc51dk.cloudfront.net/fD6iy1N8DKlu3ch2mMCHTA/four_thirds.jpg,"['Barbara Stauffacher Solomon', 'Ernst Igl', 'Ilya Bolotowsky', 'George Nelson', ""Mary Lee Bendolph (Gee's Bend)""]","['https://www.artsy.net/artist/barbara-stauffacher-solomon', 'https://www.artsy.net/artist/ernst-igl', 'https://www.artsy.net/artist/ilya-bolotowsky', 'https://www.artsy.net/artist/george-nelson', 'https://www.artsy.net/artist/mary-lee-bendolph-gees-bend']","['https://d32dm0rphc51dk.cloudfront.net/IJBB4dblO4PoNWbCmeQTdQ/four_thirds.jpg', 'https://d32dm0rphc51dk.cloudfront.net/Z-6K5on_6ueIi_QUYGV9fQ/four_thirds.jpg', 'https://d32dm0rphc51dk.cloudfront.net/nmmEMZC1d-WMc2EpG76O_g/four_thirds.jpg', 'https://d32dm0rphc51dk.cloudfront.net/189heCCRlZPz_QZ68mT15A/four_thirds.jpg', 'https://d32dm0rphc51dk.cloudfront.net/hFibaCwkteUg4S1jOnxUow/four_thirds.jpg']"
3,52ce738dcd530eec850000f3,Emma Amos,female,American,https://www.artsy.net/artist/emma-amos,https://d32dm0rphc51dk.cloudfront.net/eDWRqILl5U1SgZ-Q_r1TqA/four_thirds.jpg,"['Shirley Clarke', 'Louise Fishman', 'Christina Ramberg', 'Martha Wilson', 'Miriam Schapiro']","['https://www.artsy.net/artist/shirley-clarke', 'https://www.artsy.net/artist/louise-fishman', 'https://www.artsy.net/artist/christina-ramberg', 'https://www.artsy.net/artist/martha-wilson', 'https://www.artsy.net/artist/miriam-schapiro']","['https://d32dm0rphc51dk.cloudfront.net/A30iIu5vvT8r-rGTSOEoOg/four_thirds.jpg', 'https://d32dm0rphc51dk.cloudfront.net/Eabaf2bTK5B8hrL_dduDfA/four_thirds.jpg', 'https://d32dm0rphc51dk.cloudfront.net/f-Ev1pHF2ZkqKPfmCGyiHw/four_thirds.jpg', 'https://d32dm0rphc51dk.cloudfront.net/yCgEXJu1yc3KIggAkP-C1A/four_thirds.jpg', 'https://d32dm0rphc51dk.cloudfront.net/teQas4pBgz-ZAYtV2jEbvQ/four_thirds.jpg']"
4,4f552b2e3b55524170000010,Claudia Andujar,female,Swiss,https://www.artsy.net/artist/claudia-andujar,https://d32dm0rphc51dk.cloudfront.net/4f75w7RV3-An8oOrRCvgow/four_thirds.jpg,"['Maria Thereza Alves', 'Claudio Edinger', 'Dias & Riedweg', 'Carlos Vergara', 'Sebastião Salgado']","['https://www.artsy.net/artist/maria-thereza-alves', 'https://www.artsy.net/artist/claudio-edinger', 'https://www.artsy.net/artist/dias-and-riedweg', 'https://www.artsy.net/artist/carlos-vergara', 'https://www.artsy.net/artist/sebastiao-salgado']","['https://d32dm0rphc51dk.cloudfront.net/LUM5iRhrZlGYRDhPIaEeGQ/four_thirds.jpg', 'https://d32dm0rphc51dk.cloudfront.net/WObAQz3VrLCh0NlIFJ0tog/four_thirds.jpg', 'https://d32dm0rphc51dk.cloudfront.net/6KubyvsH06DLPzfKHQe7lA/four_thirds.jpg', 'https://d32dm0rphc51dk.cloudfront.net/irWt9082Blxm3-ejuOVD-w/four_thirds.jpg', 'https://d32dm0rphc51dk.cloudfront.net/mYERMlFuBawu3e1MP4_dbQ/four_thirds.jpg']"
5,4f552b2e3b55524170000015,Ida Applebroog,female,American,https://www.artsy.net/artist/ida-applebroog,https://d32dm0rphc51dk.cloudfront.net/23PkTfXYbzT1U1pC6fMzVg/four_thirds.jpg,"['Nancy Spero', 'Andrea Fraser', 'Sanja Iveković', 'Kanonklubben', 'Kiki Smith']","['https://www.artsy.net/artist/nancy-spero', 'https://www.artsy.net/artist/andrea-fraser', 'https://www.artsy.net/artist/sanja-ivekovic', 'https://www.artsy.net/artist/kanonklubben', 'https://www.artsy.net/artist/kiki-smith']","['https://d32dm0rphc51dk.cloudfront.net/KLWT8BtZzQSB2NDYY5PsQA/four_thirds.jpg', 'https://d32dm0rphc51dk.cloudfront.net/ZvTeSw9SCA3GdFKdgeF44A/four_thirds.jpg', 'https://d32dm0rphc51dk.cloudfront.net/74BPaiOkpShb4L0VSBqzQQ/four_thirds.jpg', 'https://d32dm0rphc51dk.cloudfront.net/zyMGA7GwwJdlsfV_Hb_vfA/four_thirds.jpg', 'https://d32dm0rphc51dk.cloudfront.net/CnuhNnC37Vk-VO9kdXtgBA/four_thirds.jpg']"
6,4db5b4437798a6169500026f,Diane Arbus,female,American,https://www.artsy.net/artist/diane-arbus,https://d32dm0rphc51dk.cloudfront.net/rLNxaIhD_K0MXN--C6TwQA/four_thirds.jpg,"['Rosalind Solomon', 'Al Vandenberg', 'Milton Rogovin', 'Garry Winogrand', 'Herman Leonard']","['https://www.artsy.net/artist/rosalind-solomon', 'https://www.artsy.net/artist/al-vandenberg', 'https://www.artsy.net/artist/milton-rogovin', 'https://www.artsy.net/artist/garry-winogrand', 'https://www.artsy.net/artist/herman-leonard']","['https://d32dm0rphc51dk.cloudfront.net/PrkYixJM4ew1U3f1VX9TJA/four_thirds.jpg', 'https://d32dm0rphc51dk.cloudfront.net/nMZkE59aFXdggT7TYX3XzA/four_thirds.jpg', 'https://d32dm0rphc51dk.cloudfront.net/HNEvCjdYFNPj31OaitHe6w/four_thirds.jpg', 'https://d32dm0rphc51dk.cloudfront.net/hxyz8erM3xzqmHGVJpd2oQ/four_thirds.jpg', 'https://d32dm0rphc51dk.cloudfront.net/jnGZ123EqcDoNX6AAfq0-g/four_thirds.jpg']"
7,505a0531649d250002000d71,Alice Aycock,female,American,https://www.artsy.net/artist/alice-aycock,https://d32dm0rphc51dk.cloudfront.net/Olu09bmP_mX-TpBs5xaXJA/four_thirds.jpg,"['Nancy Holt', 'Carole Eisner', 'Walter De Maria', 'Charles Ginnever', 'Tina Girouard']","['https://www.artsy.net/artist/nancy-holt', 'https://www.artsy.net/artist/carole-eisner', 'https://www.artsy.net/artist/walter-de-maria', 'https://www.artsy.net/artist/charles-ginnever', 'https://www.artsy.net/artist/tina-girouard']","['https://d32dm0rphc51dk.cloudfront.net/bARzv365Oi-RM3O0yBt4Xw/four_thirds.jpg', 'https://d32dm0rphc51dk.cloudfront.net/vLZQc--FM9l0fNAmFrrB7g/four_thirds.jpg', 'https://d32dm0rphc51dk.cloudfront.net/uEs1pYdwlsOWBeVoH5Bm6g/four_thirds.jpg', 'https://d32dm0rphc51dk.cloudfront.net/5RRxnXZV78TmmbxVzImX_A/four_thirds.jpg', 'https://d32dm0rphc51dk.cloudfront.net/QYjo0x5MjySL7P4FDEU_Uw/four_thirds.jpg']"
8,589ca6568b3b817c606cbbae,Alice Baber,female,American,https://www.artsy.net/artist/alice-baber,https://d32dm0rphc51dk.cloudfront.net/5aYLDQ84J2hHSNAMNtkwmQ/square.jpg,"['Morris Shulman', 'Hilary Cooper', 'Lawrence Calcagno', 'Lilly Fenichel', 'Charles Luce']","['https://www.artsy.net/artist/morris-shulman', 'https://www.artsy.net/artist/hilary-cooper', 'https://www.artsy.net/artist/lawrence-calcagno', 'https://www.artsy.net/artist/lilly-fenichel', 'https://www.artsy.net/artist/charles-luce']","['https://d32dm0rphc51dk.cloudfront.net/-JMqUqu2kUA6v_XH1bgZ4g/square.jpg', 'https://d32dm0rphc51dk.cloudfront.net/_ArQHCGi6CdQTHdr_bDLbA/square.jpg', 'https://d32dm0rphc51dk.cloudfront.net/Oznv87gNOnQMc9yH5Qq20Q/four_thirds.jpg', 'https://d32dm0rphc51dk.cloudfront.net/X9VTFZ5cZ8pbMgeAdNje6Q/four_thirds.jpg', 'https://d32dm0rphc51dk.cloudfront.net/dFqrDW-_mmNGlDGoWvIvVw/four_thirds.jpg']"
9,52701f20275b2440840004b9,Peggy Bacon,female,American,https://www.artsy.net/artist/peggy-bacon,https://d32dm0rphc51dk.cloudfront.net/Qoy0xVkLf3IL2htUxtkyIg/four_thirds.jpg,"['Alfred Hutty', 'André Dunoyer de Segonzac', 'Ture Bengtz', 'Ernest Fiene', 'Clifford Isaac Addams']","['https://www.artsy.net/artist/alfred-hutty', 'https://www.artsy.net/artist/andre-dunoyer-de-segonzac', 'https://www.artsy.net/artist/ture-bengtz', 'https://www.artsy.net/artist/ernest-fiene', 'https://www.artsy.net/artist/clifford-isaac-addams']","['https://d32dm0rphc51dk.cloudfront.net/jBDOSRIysyi075hy9hG-UA/square.jpg', 'https://d32dm0rphc51dk.cloudfront.net/J8sNT7-mBy9YvcRll1oaVw/four_thirds.jpg', 'https://d32dm0rphc51dk.cloudfront.net/df4QsB5WMJaEgbqXjFUc6g/four_thirds.jpg', 'https://d32dm0rphc51dk.cloudfront.net/2uj0c6K1R7UdOFuz58XbjQ/four_thirds.jpg', 'https://d32dm0rphc51dk.cloudfront.net/SiPDx2Kh6KPxXTgFktt8YA/four_thirds.jpg']"
10,4f07637834e11700010002c1,Jo Baer,female,American,https://www.artsy.net/artist/jo-baer,https://d32dm0rphc51dk.cloudfront.net/9qxH422cJFpi3jpa2I8NKA/four_thirds.jpg,"['Ward Jackson', 'David R. Prentice', 'Leo Valledor', 'Michael Venezia', 'John McLaughlin']","['https://www.artsy.net/artist/ward-jackson', 'https://www.artsy.net/artist/david-r-prentice', 'https://www.artsy.net/artist/leo-valledor', 'https://www.artsy.net/artist/michael-venezia', 'https://www.artsy.net/artist/john-mclaughlin']","['https://d32dm0rphc51dk.cloudfront.net/msFlM5TlHNXPenTXNoN20w/four_thirds.jpg', 'https://d32dm0rphc51dk.cloudfront.net/Lg_9wu6N7BmHyxHkn3VFNA/four_thirds.jpg', 'https://d32dm0rphc51dk.cloudfront.net/1KjvNja2jnSUG-wQdFrwLg/four_thirds.jpg', 'https://d32dm0rphc51dk.cloudfront.net/D2B-yI37Y9C0EaXJhxUqZA/four_thirds.jpg', 'https://d32dm0rphc51dk.cloudfront.net/G-UTvhEFwUCAViJKneU6fQ/four_thirds.jpg']"
11,53a0acac7261691ef1200000,Eugenie Baizerman,female,Polish,https://www.artsy.net/artist/eugenie-baizerman,https://d32dm0rphc51dk.cloudfront.net/5EwXEY5SFSNP4tkXfQigQg/four_thirds.jpg,"['Philip Reisman', 'Aleksandr Timofeevich Danilichev', 'Jules Perahim', 'Paul Kallos', 'Josef Herman RA']","['https://www.artsy.net/artist/philip-reisman', 'https://www.artsy.net/artist/aleksandr-timofeevich-danilichev', 'https://www.artsy.net/artist/jules-perahim', 'https://www.artsy.net/artist/paul-kallos', 'https://www.artsy.net/artist/josef-herman-ra']","['https://d32dm0rphc51dk.cloudfront.net/YzWwY_YSWh9WK5d5NuR6_Q/four_thirds.jpg', 'https://d32dm0rphc51dk.cloudfront.net/N9YNBPExiidr5_uIlhJJwg/four_thirds.jpg', 'https://d32dm0rphc51dk.cloudfront.net/2M25NloaY6QAb6wD65VF4w/four_thirds.jpg', 'https://d32dm0rphc51dk.cloudfront.net/k4UUUrlWYWss7UXuUBnoiQ/four_thirds.jpg', 'https://d32dm0rphc51dk.cloudfront.net/FA7q7VHT9YnXpvSu0R85Hg/square.jpg']"
12,5122b9605f25167872000184,Tina Barney,female,American,https://www.artsy.net/artist/tina-barney,https://d32dm0rphc51dk.cloudfront.net/4PqIMKwaTFYy_en6y9w5qw/four_thirds.jpg,"['Talia Chetrit', 'Zofia Rydet', 'Miranda Lichtenstein', 'Graham Nash', 'Jennifer B. Thoreson']","['https://www.artsy.net/artist/talia-chetrit', 'https://www.artsy.net/artist/zofia-rydet', 'https://www.artsy.net/artist/miranda-lichtenstein', 'https://www.artsy.net/artist/graham-nash', 'https://www.artsy.net/artist/jennifer-b-thoreson']","['https://d32dm0rphc51dk.cloudfront.net/4pWKrD3SlMZA3NJJcEAPug/four_thirds.jpg', 'https://d32dm0rphc51dk.cloudfront.net/DUPtn03vzy3yX_B8eOe3hA/square.jpg', 'https://d32dm0rphc51dk.cloudfront.net/RkpLyvNXJkNyEVkiAkO-_w/four_thirds.jpg', 'https://d32dm0rphc51dk.cloudfront.net/yovQjkK1dSq38BQidlfH_w/four_thirds.jpg', 'https://d32dm0rphc51dk.cloudfront.net/6jRIB20lxbyIIu92CVPleg/four_thirds.jpg']"
13,4e026cf52bd64f00010055b8,Hannelore Baron,female,German-American,https://www.artsy.net/artist/hannelore-baron,https://d32dm0rphc51dk.cloudfront.net/4Cvp7qvclRsGE4Xfy0yAHQ/four_thirds.jpg,"['Michael Buthe', 'Christa Dichgans', 'Addie Herder', 'Herbert Oehm', 'Wolf Vostell']","['https://www.artsy.net/artist/michael-buthe', 'https://www.artsy.net/artist/christa-dichgans', 'https://www.artsy.net/artist/addie-herder', 'https://www.artsy.net/artist/herbert-oehm', 'https://www.artsy.net/artist/wolf-vostell']","['https://d32dm0rphc51dk.cloudfront.net/-5dKH3j3PHZ3Ni7FUBEUaw/four_thirds.jpg', 'https://d32dm0rphc51dk.cloudfront.net/9wb1WT0-447JvYP0l6VgQA/four_thirds.jpg', 'https://d32dm0rphc51dk.cloudfront.net/-AhQces0qQFwu_xiefBxYg/four_thirds.jpg', 'https://d32dm0rphc51dk.cloudfront.net/Jd5w1ODor__km89Jj90V0g/four_thirds.jpg', 'https://d32dm0rphc51dk.cloudfront.net/h6p3bIiP4cfyXcZol8Jj8A/four_thirds.jpg']"
14,4e8f6394f0caa80001003ffa,Jennifer Losch Bartlett,female,American,https://www.artsy.net/artist/jennifer-losch-bartlett,https://d32dm0rphc51dk.cloudfront.net/Ige1LCkT6MXiBfusfeIu_A/four_thirds.jpg,"['Nancy Graves', 'Brice Marden', 'Tadaaki Kuwayama', 'Sylvia Plimack Mangold', 'Audrey Flack']","['https://www.artsy.net/artist/nancy-graves', 'https://www.artsy.net/artist/brice-marden', 'https://www.artsy.net/artist/tadaaki-kuwayama', 'https://www.artsy.net/artist/sylvia-plimack-mangold', 'https://www.artsy.net/artist/audrey-flack']","['https://d32dm0rphc51dk.cloudfront.net/Nys-60t1Zd8h-c0leFW6iA/four_thirds.jpg', 'https://d32dm0rphc51dk.cloudfront.net/hAyfTa7oOv6W4cRuhfcbew/four_thirds.jpg', 'https://d32dm0rphc51dk.cloudfront.net/wWP27BGq9gUJMBcb8PoAog/four_thirds.jpg', 'https://d32dm0rphc51dk.cloudfront.net/0jrYjFMEwNG0sUqbwE69oA/four_thirds.jpg', 'https://d32dm0rphc51dk.cloudfront.net/SH_L4qKC4bQWCFPUA37Pkg/four_thirds.jpg']"
15,544a461f7261694583d90300,Mary Bauermeister,female,German,https://www.artsy.net/artist/mary-bauermeister,https://d32dm0rphc51dk.cloudfront.net/yIvK06fNM_zW7aZ5a44aGw/four_thirds.jpg,"['Ulrich Strothjohann', 'Christiane Löhr', 'Bettina Blohm', 'Birgit Faustmann', 'Jürgen Partenheimer']","['https://www.artsy.net/artist/ulrich-strothjohann', 'https://www.artsy.net/artist/christiane-lohr', 'https://www.artsy.net/artist/bettina-blohm', 'https://www.artsy.net/artist/birgit-faustmann', 'https://www.artsy.net/artist/jurgen-partenheimer']","['https://d32dm0rphc51dk.cloudfront.net/Z-H-iaV1ZNEHejT6qgfJWg/four_thirds.jpg', 'https://d32dm0rphc51dk.cloudfront.net/zrYeHI4T4LkkwJIjy_3cuA/four_thirds.jpg', 'https://d32dm0rphc51dk.cloudfront.net/Q4d1yNJdvMYrGh-BBiR25g/four_thirds.jpg', 'https://d32dm0rphc51dk.cloudfront.net/Tv2fvoc8l12i-FeRhR0blg/four_thirds.jpg', 'https://d32dm0rphc51dk.cloudfront.net/WQjjii0_a7DK5hpDSdPPUw/four_thirds.jpg']"
16,4dd29a9617a37c0001004fd0,Lynda Benglis,female,American,https://www.artsy.net/artist/lynda-benglis,https://d32dm0rphc51dk.cloudfront.net/y0UsNvkWQfzA3CpQBbYltA/four_thirds.jpg,"['Miriam Schapiro', 'Ellen Phelan', 'Yvonne Rainer', 'Richard Tuttle', 'Nancy Spero']","['https://www.artsy.net/artist/miriam-schapiro', 'https://www.artsy.net/artist/ellen-phelan', 'https://www.artsy.net/artist/yvonne-rainer', 'https://www.artsy.net/artist/richard-tuttle', 'https://www.artsy.net/artist/nancy-spero']","['https://d32dm0rphc51dk.cloudfront.net/teQas4pBgz-ZAYtV2jEbvQ/four_thirds.jpg', 'https://d32dm0rphc51dk.cloudfront.net/VlpSPypguYA_2KXB05wNQQ/four_thirds.jpg', 'https://d32dm0rphc51dk.cloudfront.net/oYMybxdctGBQ1o2lzOGDFg/square.jpg', 'https://d32dm0rphc51dk.cloudfront.net/-H_kA8K1s_7O4CNRM1MT8Q/four_thirds.jpg', 'https://d32dm0rphc51dk.cloudfront.net/KLWT8BtZzQSB2NDYY5PsQA/four_thirds.jpg']"
17,51f2df948b3b81e9c2000693,Ruth Bernhard,female,German-American,https://www.artsy.net/artist/ruth-bernhard,https://d32dm0rphc51dk.cloudfront.net/d0KRdlaspKmcHVah4HtecA/four_thirds.jpg,"['Aenne Biermann', 'Albert Renger-Patzsch', 'Germaine Krull', 'Ilse Bing', 'Imogen Cunningham']","['https://www.artsy.net/artist/aenne-biermann', 'https://www.artsy.net/artist/albert-renger-patzsch', 'https://www.artsy.net/artist/germaine-krull', 'https://www.artsy.net/artist/ilse-bing', 'https://www.artsy.net/artist/imogen-cunningham']","['https://d32dm0rphc51dk.cloudfront.net/UP5gEi40dQ3R7bJoHtZ4Sg/four_thirds.jpg', 'https://d32dm0rphc51dk.cloudfront.net/03ekyirlC5LPiWQWMi68CA/four_thirds.jpg', 'https://d32dm0rphc51dk.cloudfront.net/G1k47zgym5ZNzaiuMxaCTQ/four_thirds.jpg', 'https://d32dm0rphc51dk.cloudfront.net/Dm7s0PTI5MZ88RjI1nGoOQ/four_thirds.jpg', 'https://d32dm0rphc51dk.cloudfront.net/BMB_LWXjdO1qV4QHjuItwg/four_thirds.jpg']"
18,5151cf2576db51ac300002ff,Judith Bernstein,female,American,https://www.artsy.net/artist/judith-bernstein,https://d32dm0rphc51dk.cloudfront.net/m7vTDD-_03Uie9f02g86bQ/four_thirds.jpg,"['Nancy Spero', 'Emma Amos', 'Ida Applebroog', 'Kanonklubben', 'Mary Beth Edelson']","['https://www.artsy.net/artist/nancy-spero', 'https://www.artsy.net/artist/emma-amos', 'https://www.artsy.net/artist/ida-applebroog', 'https://www.artsy.net/artist/kanonklubben', 'https://www.artsy.net/artist/mary-beth-edelson']","['https://d32dm0rphc51dk.cloudfront.net/KLWT8BtZzQSB2NDYY5PsQA/four_thirds.jpg', 'https://d32dm0rphc51dk.cloudfront.net/eDWRqILl5U1SgZ-Q_r1TqA/four_thirds.jpg', 'https://d32dm0rphc51dk.cloudfront.net/23PkTfXYbzT1U1pC6fMzVg/four_thirds.jpg', 'https://d32dm0rphc51dk.cloudfront.net/zyMGA7GwwJdlsfV_Hb_vfA/four_thirds.jpg', 'https://d32dm0rphc51dk.cloudfront.net/fvrTKqOV8X2BrQO0bjNu9g/four_thirds.jpg']"
19,4f552b2e3b55524170000041,Ilse Bing,female,American,https://www.artsy.net/artist/ilse-bing,https://d32dm0rphc51dk.cloudfront.net/Dm7s0PTI5MZ88RjI1nGoOQ/four_thirds.jpg,"['Bill Brandt', 'Aenne Biermann', 'Ellen Auerbach', 'Ruth Bernhard', 'Germaine Krull']","['https://www.artsy.net/artist/bill-brandt', 'https://www.artsy.net/artist/aenne-biermann', 'https://www.artsy.net/artist/ellen-auerbach', 'https://www.artsy.net/artist/ruth-bernhard', 'https://www.artsy.net/artist/germaine-krull']","['https://d32dm0rphc51dk.cloudfront.net/s6uPnejXg-bqiZStv0V-Jg/four_thirds.jpg', 'https://d32dm0rphc51dk.cloudfront.net/UP5gEi40dQ3R7bJoHtZ4Sg/four_thirds.jpg', 'https://d32dm0rphc51dk.cloudfront.net/-VpgZBsQSOVe6PSdPXy16A/four_thirds.jpg', 'https://d32dm0rphc51dk.cloudfront.net/d0KRdlaspKmcHVah4HtecA/four_thirds.jpg', 'https://d32dm0rphc51dk.cloudfront.net/G1k47zgym5ZNzaiuMxaCTQ/four_thirds.jpg']"
20,4f5f64c13b555230ac00009c,Isabel Bishop,female,American,https://www.artsy.net/artist/isabel-bishop,https://d32dm0rphc51dk.cloudfront.net/EDolVjHlPHoC8CUWn2zulA/four_thirds.jpg,"['Romare Bearden', 'John Sloan', 'Aaron Douglas', 'John R. Grabach', 'Raphael Soyer']","['https://www.artsy.net/artist/romare-bearden', 'https://www.artsy.net/artist/john-sloan', 'https://www.artsy.net/artist/aaron-douglas', 'https://www.artsy.net/artist/john-r-grabach', 'https://www.artsy.net/artist/raphael-soyer']","['https://d32dm0rphc51dk.cloudfront.net/Uh96DAbtNc-BQMbSdGjQ9g/four_thirds.jpg', 'https://d32dm0rphc51dk.cloudfront.net/38jqCWZycnImGBPOxSvRMw/four_thirds.jpg', 'https://d32dm0rphc51dk.cloudfront.net/OBzA69BNEFCIKhMdcTn1lA/square.jpg', 'https://d32dm0rphc51dk.cloudfront.net/hgw2hsETccc-ClA9DbpuUw/square.jpg', 'https://d32dm0rphc51dk.cloudfront.net/vej2-Js7O28mPvbX5ISgjw/four_thirds.jpg']"
21,50c84c1e623327ed6c000c24,Nell Blaine,female,American,https://www.artsy.net/artist/nell-blaine,https://d32dm0rphc51dk.cloudfront.net/jr4zSDi7sXllVBNVhQardw/four_thirds.jpg,"['Ben Norris', 'Mary Polon', 'Robert Blair', 'Lois Mailou Jones', 'Lynne Drexler']","['https://www.artsy.net/artist/ben-norris', 'https://www.artsy.net/artist/mary-polon', 'https://www.artsy.net/artist/robert-blair', 'https://www.artsy.net/artist/lois-mailou-jones', 'https://www.artsy.net/artist/lynne-drexler']","['https://d32dm0rphc51dk.cloudfront.net/CjuC-Mtmdw9LYuvoeXYQbQ/four_thirds.jpg', 'https://d32dm0rphc51dk.cloudfront.net/iJ6FEO-YGyjVNz1WxuCaUQ/four_thirds.jpg', 'https://d32dm0rphc51dk.cloudfront.net/C7yfMzkMhR-HZaYXSOP0Nw/four_thirds.jpg', 'https://d32dm0rphc51dk.cloudfront.net/kaIva5GY-Avuts057Hhd5w/four_thirds.jpg', 'https://d32dm0rphc51dk.cloudfront.net/GVUMDeWpmkexKljLaZ9K1Q/four_thirds.jpg']"
22,50d0bcf3ab7e6f725c0002d4,Barbara Bloom,female,American,https://www.artsy.net/artist/barbara-bloom,https://d32dm0rphc51dk.cloudfront.net/arQh4fj71FQ5G67E8vqkuw/four_thirds.jpg,"['Fred Wilson', 'Cary Leibowitz (""Candy Ass"")', 'Tony Feher', 'Rene Ricard', 'Ted Victoria']","['https://www.artsy.net/artist/fred-wilson', 'https://www.artsy.net/artist/cary-leibowitz-candy-ass', 'https://www.artsy.net/artist/tony-feher', 'https://www.artsy.net/artist/rene-ricard', 'https://www.artsy.net/artist/ted-victoria']","['https://d32dm0rphc51dk.cloudfront.net/vvXXJDJwadNZ3D2j3Tr-jw/four_thirds.jpg', 'https://d32dm0rphc51dk.cloudfront.net/8XGEG5n40CfLk0MIcnCMTg/four_thirds.jpg', 'https://d32dm0rphc51dk.cloudfront.net/oncpFUf_49J4U0Y_MSGrLg/four_thirds.jpg', 'https://d32dm0rphc51dk.cloudfront.net/rDrknoudGTd-LrqkWz-mHw/four_thirds.jpg', 'https://d32dm0rphc51dk.cloudfront.net/w0A-dlzbSv-A89unu4BPQw/four_thirds.jpg']"
23,506b333144661700020004f2,Blythe Bohnen,female,,https://www.artsy.net/artist/blythe-bohnen,https://d32dm0rphc51dk.cloudfront.net/Hzo1IaK0CdkWid-6x1mS1A/four_thirds.jpg,"['John Brill', 'Josephine Sacabo', 'Tatiana Parcero', 'Linda K Alpern', 'Peggy Jarrell Kaplan']","['https://www.artsy.net/artist/john-brill', 'https://www.artsy.net/artist/josephine-sacabo', 'https://www.artsy.net/artist/tatiana-parcero', 'https://www.artsy.net/artist/linda-k-alpern', 'https://www.artsy.net/artist/peggy-jarrell-kaplan']","['https://d32dm0rphc51dk.cloudfront.net/s-zfU4QpYa35zi43pkVPWA/four_thirds.jpg', 'https://d32dm0rphc51dk.cloudfront.net/Dj9yY6EzWZAeDpSm6_OwDA/four_thirds.jpg', 'https://d32dm0rphc51dk.cloudfront.net/KhpIO13_IYpxJ_FNth3zqQ/four_thirds.jpg', 'https://d32dm0rphc51dk.cloudfront.net/8_YxWNqWch4ch4DsTOCPxQ/four_thirds.jpg', 'https://d32dm0rphc51dk.cloudfront.net/iztme15NHJXw2FbAvPnFaQ/four_thirds.jpg']"
24,4e8f63db069bb90001003fb5,Lee Bontecou,female,American,https://www.artsy.net/artist/lee-bontecou,https://d32dm0rphc51dk.cloudfront.net/8p-o6khTBozJtg8rsVFdKQ/four_thirds.jpg,"['George Rickey', 'Richard Tuttle', 'Ree Morton', 'Gloria Kisch', 'Tony Rosenthal']","['https://www.artsy.net/artist/george-rickey', 'https://www.artsy.net/artist/richard-tuttle', 'https://www.artsy.net/artist/ree-morton', 'https://www.artsy.net/artist/gloria-kisch', 'https://www.artsy.net/artist/tony-rosenthal']","['https://d32dm0rphc51dk.cloudfront.net/Xf_9D0hHiq2mTeDuVc7WAA/four_thirds.jpg', 'https://d32dm0rphc51dk.cloudfront.net/-H_kA8K1s_7O4CNRM1MT8Q/four_thirds.jpg', 'https://d32dm0rphc51dk.cloudfront.net/SjGPfPtCxyYZUob1YeEr-A/four_thirds.jpg', 'https://d32dm0rphc51dk.cloudfront.net/PdZiWi_fusosLrNUIukxgA/four_thirds.jpg', 'https://d32dm0rphc51dk.cloudfront.net/0zUHzPRhX2dLyLWXbQl8PQ/four_thirds.jpg']"
25,4dd196c617a37c000100056a,Louise Bourgeois,female,French-American,https://www.artsy.net/artist/louise-bourgeois,https://d32dm0rphc51dk.cloudfront.net/GF3e1uPUF4q9WqkAVH4x4A/four_thirds.jpg,"['Jacques Herold', 'Shirley Clarke', 'Miyoko Ito', 'Nell Blaine', 'Dorothy Dehner']","['https://www.artsy.net/artist/jacques-herold', 'https://www.artsy.net/artist/shirley-clarke', 'https://www.artsy.net/artist/miyoko-ito', 'https://www.artsy.net/artist/nell-blaine', 'https://www.artsy.net/artist/dorothy-dehner']","['https://d32dm0rphc51dk.cloudfront.net/ICChjeXp_q7PoZnxgiFwKg/four_thirds.jpg', 'https://d32dm0rphc51dk.cloudfront.net/A30iIu5vvT8r-rGTSOEoOg/four_thirds.jpg', 'https://d32dm0rphc51dk.cloudfront.net/C34WvLYIAQqtJlsaYKn1eA/four_thirds.jpg', 'https://d32dm0rphc51dk.cloudfront.net/jr4zSDi7sXllVBNVhQardw/four_thirds.jpg', 'https://d32dm0rphc51dk.cloudfront.net/Ke-Q9gFfBm2SJVbnLLUSFw/four_thirds.jpg']"
26,4f5f64c13b555230ac0000be,Margaret Bourke-White,female,American,https://www.artsy.net/artist/margaret-bourke-white,https://d32dm0rphc51dk.cloudfront.net/qJJ7eG__gb57E31BF8GLNA/four_thirds.jpg,"['Wayne Miller', 'Leonard Freed', 'Martha Holmes', 'George Barris', 'John Loengard']","['https://www.artsy.net/artist/wayne-miller', 'https://www.artsy.net/artist/leonard-freed', 'https://www.artsy.net/artist/martha-holmes', 'https://www.artsy.net/artist/george-barris', 'https://www.artsy.net/artist/john-loengard']","['https://d32dm0rphc51dk.cloudfront.net/rvpgADmmh-OI17Nd3yX7MA/four_thirds.jpg', 'https://d32dm0rphc51dk.cloudfront.net/Rk5jN8jCRBYftZ6X0VbQmw/four_thirds.jpg', 'https://d32dm0rphc51dk.cloudfront.net/0To_chBB5uW8w42hHOxMIA/four_thirds.jpg', 'https://d32dm0rphc51dk.cloudfront.net/4sN-9dqFOhs7Fpdx7JegLQ/four_thirds.jpg', 'https://d32dm0rphc51dk.cloudfront.net/amm8jbxOK_2-qr8ZUj2NsQ/four_thirds.jpg']"
27,4fd640695ee95000010002af,Marilyn Bridges,female,American,https://www.artsy.net/artist/marilyn-bridges,https://d32dm0rphc51dk.cloudfront.net/AtJgXhc99K0W66jQfRG7aA/four_thirds.jpg,"['Rena Bass Forman', 'Stu Levy', 'Donald Woodman', 'Peter de Lory', 'Steven Albahari']","['https://www.artsy.net/artist/rena-bass-forman', 'https://www.artsy.net/artist/stu-levy', 'https://www.artsy.net/artist/donald-woodman', 'https://www.artsy.net/artist/peter-de-lory', 'https://www.artsy.net/artist/steven-albahari']","['https://d32dm0rphc51dk.cloudfront.net/dd9xwW92lISjpgpe053J_g/four_thirds.jpg', 'https://d32dm0rphc51dk.cloudfront.net/so5_eiofe1bhxGpJcrQ6aQ/four_thirds.jpg', 'https://d32dm0rphc51dk.cloudfront.net/QS_NRlVWdBmfUJ8PlEJMdQ/four_thirds.jpg', 'https://d32dm0rphc51dk.cloudfront.net/RVwzZns0lVcV8Apf2Njvkg/four_thirds.jpg', 'https://d32dm0rphc51dk.cloudfront.net/yfY8PGW8fihwT16YyQe62w/four_thirds.jpg']"
28,50082375f937d70002000fed,Joan Brown,female,American,https://www.artsy.net/artist/joan-brown,https://d32dm0rphc51dk.cloudfront.net/Fn3RcfUSB4_Hnv7lmpqVKg/four_thirds.jpg,"['Carolyn Plochmann', 'Dorothy Cantor', 'Roy De Forest', 'Jim Davis', 'Les Biller']","['https://www.artsy.net/artist/carolyn-plochmann', 'https://www.artsy.net/artist/dorothy-cantor', 'https://www.artsy.net/artist/roy-de-forest', 'https://www.artsy.net/artist/jim-davis', 'https://www.artsy.net/artist/les-biller']","['https://d32dm0rphc51dk.cloudfront.net/dXbGUcfx4XsVm0wN3BspCw/four_thirds.jpg', 'https://d32dm0rphc51dk.cloudfront.net/Rr1pW4jROuv_vKSeeHETHA/four_thirds.jpg', 'https://d32dm0rphc51dk.cloudfront.net/pcdDINtoGfhNsU6mpJJz1Q/four_thirds.jpg', 'https://d32dm0rphc51dk.cloudfront.net/DcmqgBWrRHMdqD3RFUbrxA/four_thirds.jpg', 'https://d32dm0rphc51dk.cloudfront.net/B32Seu6fvdarJrplA45k5g/four_thirds.jpg']"
29,56aa6eed9c18db667b000315,Marsha Burns,female,American,https://www.artsy.net/artist/marsha-burns,https://d32dm0rphc51dk.cloudfront.net/vMFdMtvBbD4SHr7D3tHzCQ/square.jpg,"['Jeffrey Hoone', 'Vincent Cianni', 'Talia Chetrit', 'Cynthia MacAdams', 'Hilton Braithwaite']","['https://www.artsy.net/artist/jeffrey-hoone', 'https://www.artsy.net/artist/vincent-cianni', 'https://www.artsy.net/artist/talia-chetrit', 'https://www.artsy.net/artist/cynthia-macadams', 'https://www.artsy.net/artist/hilton-braithwaite']","['https://d32dm0rphc51dk.cloudfront.net/7K2QIwG2uGnzklrF_UUQ_g/four_thirds.jpg', 'https://d32dm0rphc51dk.cloudfront.net/HmtxXBBOXtPbMk1EwoQuOA/four_thirds.jpg', 'https://d32dm0rphc51dk.cloudfront.net/4pWKrD3SlMZA3NJJcEAPug/four_thirds.jpg', 'https://d32dm0rphc51dk.cloudfront.net/fdLUk7jBbAT5nRjtW2y-Aw/square.jpg', 'https://d32dm0rphc51dk.cloudfront.net/gWLwjoG5YHbTQ9z6XoeLSA/four_thirds.jpg']"
30,4d8b92b74eb68a1b2c00041e,Mary Cassatt,female,American ,https://www.artsy.net/artist/mary-cassatt,https://d32dm0rphc51dk.cloudfront.net/ST7tBD1QPZEYaGW8-xJrvw/four_thirds.jpg,"['Berthe Morisot', 'Edward Henry Potthast', 'Childe Hassam', 'Edward Lamson Henry', 'Dennis Miller Bunker']","['https://www.artsy.net/artist/berthe-morisot', 'https://www.artsy.net/artist/edward-henry-potthast', 'https://www.artsy.net/artist/childe-hassam', 'https://www.artsy.net/artist/edward-lamson-henry', 'https://www.artsy.net/artist/dennis-miller-bunker']","['https://d32dm0rphc51dk.cloudfront.net/hITYV_ikLHt7Lnvxplkklw/four_thirds.jpg', 'https://d32dm0rphc51dk.cloudfront.net/xt9NhAZnJRIML8ayO0Y_gQ/four_thirds.jpg', 'https://d32dm0rphc51dk.cloudfront.net/c51YGpOMfurO80T_sLWtZQ/four_thirds.jpg', 'https://d32dm0rphc51dk.cloudfront.net/RL5Z-kvqYae6TF0jK641Og/four_thirds.jpg', 'https://d32dm0rphc51dk.cloudfront.net/0dct9_7w-PfpetfM_3iIpg/four_thirds.jpg']"
31,543bf9ab7261692d34300100,Rosemarie Castoro,female,American,https://www.artsy.net/artist/rosemarie-castoro,https://d32dm0rphc51dk.cloudfront.net/YTk-iXIiCYpjSnOy-_dAjA/four_thirds.jpg,"['Tadaaki Kuwayama', 'Richard Nonas', 'Fred Sandback', 'Sven Lukin', 'Lynn Umlauf']","['https://www.artsy.net/artist/tadaaki-kuwayama', 'https://www.artsy.net/artist/richard-nonas', 'https://www.artsy.net/artist/fred-sandback', 'https://www.artsy.net/artist/sven-lukin', 'https://www.artsy.net/artist/lynn-umlauf']","['https://d32dm0rphc51dk.cloudfront.net/wWP27BGq9gUJMBcb8PoAog/four_thirds.jpg', 'https://d32dm0rphc51dk.cloudfront.net/50ZtwNJN6KfMAFcXFryU2w/four_thirds.jpg', 'https://d32dm0rphc51dk.cloudfront.net/nE3LFdPJuKJISsIWcZBHsg/four_thirds.jpg', 'https://d32dm0rphc51dk.cloudfront.net/xsu9fFyZU4QTaoMz65HqDg/four_thirds.jpg', 'https://d32dm0rphc51dk.cloudfront.net/FjuS4EkiS9bd5C4T04wtSA/square.jpg']"
32,506b333f446617000200063c,Elizabeth Catlett,female,Mexican-American,https://www.artsy.net/artist/elizabeth-catlett,https://d32dm0rphc51dk.cloudfront.net/G8hDryKHYq1NVyRZ7LjAVQ/four_thirds.jpg,"['Leopoldo Mendez', 'Manuel Felguérez', 'Felipe Ehrenberg', 'John Havens Thornton']","['https://www.artsy.net/artist/leopoldo-mendez', 'https://www.artsy.net/artist/manuel-felguerez', 'https://www.artsy.net/artist/felipe-ehrenberg', 'https://www.artsy.net/artist/john-havens-thornton']","['https://d32dm0rphc51dk.cloudfront.net/EHdlq3P4Ig-y6ML__vgwGQ/square.jpg', 'https://d32dm0rphc51dk.cloudfront.net/e-YaoVBeCznQUN63b7zEIw/four_thirds.jpg', 'https://d32dm0rphc51dk.cloudfront.net/4BlnZx2lz0U7HHAK-u9jyA/four_thirds.jpg', 'https://d32dm0rphc51dk.cloudfront.net/x_i3k3zpQfKuo6fKyJuSbQ/four_thirds.jpg']"
33,4df444b981d91d00010030b0,Vija Celmins,female,Latvian,https://www.artsy.net/artist/vija-celmins,https://d32dm0rphc51dk.cloudfront.net/_os-vW5cUL5DdOnHuoSvPQ/four_thirds.jpg,"['Mally Khorasantchi', 'Suzanne Caporael', 'Andrew Ginzel', 'Doug & Mike Starn', 'Shirazeh Houshiary']","['https://www.artsy.net/artist/mally-khorasantchi', 'https://www.artsy.net/artist/suzanne-caporael', 'https://www.artsy.net/artist/andrew-ginzel', 'https://www.artsy.net/artist/doug-and-mike-starn', 'https://www.artsy.net/artist/shirazeh-houshiary']","['https://d32dm0rphc51dk.cloudfront.net/6qJ0hF4s5y3m155OhkNciw/four_thirds.jpg', 'https://d32dm0rphc51dk.cloudfront.net/P_y3ivA3oBK7wv799Zb1dA/four_thirds.jpg', 'https://d32dm0rphc51dk.cloudfront.net/qBgWN587B5pJeDLuDg7qWw/four_thirds.jpg', 'https://d32dm0rphc51dk.cloudfront.net/jlGl3gs7Buf_DYsAmcSTOQ/four_thirds.jpg', 'https://d32dm0rphc51dk.cloudfront.net/spJavHG6lHAS2imM-GC78g/four_thirds.jpg']"
34,4f0648328501fa10ca00009e,Sarah Charlesworth,female,American,https://www.artsy.net/artist/sarah-charlesworth,https://d32dm0rphc51dk.cloudfront.net/g1410sT9KLWCVb3EObZHIg/four_thirds.jpg,"['Nancy Dwyer', ""Lorraine O'Grady"", 'Laurie Anderson', 'Charles Gaines', 'Faith Ringgold']","['https://www.artsy.net/artist/nancy-dwyer', 'https://www.artsy.net/artist/lorraine-ogrady', 'https://www.artsy.net/artist/laurie-anderson', 'https://www.artsy.net/artist/charles-gaines', 'https://www.artsy.net/artist/faith-ringgold']","['https://d32dm0rphc51dk.cloudfront.net/XeEPZPg6SwVNJVHP7sCSTw/four_thirds.jpg', 'https://d32dm0rphc51dk.cloudfront.net/Hdax3z-QMCk3AbqUXKSllA/four_thirds.jpg', 'https://d32dm0rphc51dk.cloudfront.net/tSRteygC48So69FeNef9lA/four_thirds.jpg', 'https://d32dm0rphc51dk.cloudfront.net/d5U2LLQRv_mVi4-k51P53w/four_thirds.jpg', 'https://d32dm0rphc51dk.cloudfront.net/xvgFYF_G6RoFTesi9aBBnA/four_thirds.jpg']"
35,4f453c272102de00010004cd,Judy Chicago,female,American,https://www.artsy.net/artist/judy-chicago,https://d32dm0rphc51dk.cloudfront.net/0PpN34KbrvLDyifkDaRFNQ/four_thirds.jpg,"['Miriam Schapiro', 'June Wayne', 'Nancy Grossman', 'Lynn Hershman Leeson', 'Louise Fishman']","['https://www.artsy.net/artist/miriam-schapiro', 'https://www.artsy.net/artist/june-wayne', 'https://www.artsy.net/artist/nancy-grossman', 'https://www.artsy.net/artist/lynn-hershman-leeson', 'https://www.artsy.net/artist/louise-fishman']","['https://d32dm0rphc51dk.cloudfront.net/teQas4pBgz-ZAYtV2jEbvQ/four_thirds.jpg', 'https://d32dm0rphc51dk.cloudfront.net/KgL04pBWoFn6nxm7NuGbsg/four_thirds.jpg', 'https://d32dm0rphc51dk.cloudfront.net/2i5IelWzNxCJt0zlwEf6jw/four_thirds.jpg', 'https://d32dm0rphc51dk.cloudfront.net/2pH5sizMKfdAsudHrvQJIg/four_thirds.jpg', 'https://d32dm0rphc51dk.cloudfront.net/Eabaf2bTK5B8hrL_dduDfA/four_thirds.jpg']"
36,507c43e8a49a110002000083,Chryssa,female,,https://www.artsy.net/artist/chryssa,https://d32dm0rphc51dk.cloudfront.net/vs6wOkDA8GtRSdBolDIvOg/four_thirds.jpg,"['Giorgos Rigas', 'Paolo Icaro', 'Takis', 'Marianna Gioka', 'Rallou Panagiotou']","['https://www.artsy.net/artist/giorgos-rigas', 'https://www.artsy.net/artist/paolo-icaro', 'https://www.artsy.net/artist/takis', 'https://www.artsy.net/artist/marianna-gioka', 'https://www.artsy.net/artist/rallou-panagiotou']","['https://d32dm0rphc51dk.cloudfront.net/QNSGTFSaAbSWb160IJxOTA/four_thirds.jpg', 'https://d32dm0rphc51dk.cloudfront.net/BIdbbOHajKHGvPxhcBbNiA/four_thirds.jpg', 'https://d32dm0rphc51dk.cloudfront.net/RWG3ib6oS-PwV5HWZEvqWw/four_thirds.jpg', 'https://d32dm0rphc51dk.cloudfront.net/DM-xqxTdWWXBaVh0MlOHuw/four_thirds.jpg', 'https://d32dm0rphc51dk.cloudfront.net/21qVP8cL80uqSQhvrJMs6A/four_thirds.jpg']"
37,5059f4dde0e6bf0002000bff,Linda Connor,female,American,https://www.artsy.net/artist/linda-connor,https://d32dm0rphc51dk.cloudfront.net/JGK8eh92ji6kfAtHnsF9Bw/four_thirds.jpg,"['George Tice', 'George Woodman', 'Marcia Lippman', 'Sidney Felsen', 'Jack Welpott']","['https://www.artsy.net/artist/george-tice', 'https://www.artsy.net/artist/george-woodman', 'https://www.artsy.net/artist/marcia-lippman', 'https://www.artsy.net/artist/sidney-felsen', 'https://www.artsy.net/artist/jack-welpott']","['https://d32dm0rphc51dk.cloudfront.net/siGcFEkH8jV20Xz_5RyXpA/four_thirds.jpg', 'https://d32dm0rphc51dk.cloudfront.net/ZK0MYrGpRYThck64lWCDsQ/four_thirds.jpg', 'https://d32dm0rphc51dk.cloudfront.net/YQmg2HrCrQstV87ERdqhbw/four_thirds.jpg', 'https://d32dm0rphc51dk.cloudfront.net/TiVpsTKx1-MJ340AsiBipg/four_thirds.jpg', 'https://d32dm0rphc51dk.cloudfront.net/0mw7uP6G1_VYOG2_oLZNHA/square.jpg']"
38,52fec1cca09a676ecc00008c,Lia Cook,female,American,https://www.artsy.net/artist/lia-cook,https://d32dm0rphc51dk.cloudfront.net/knaG7VNIAydbXWiWnbGKCw/four_thirds.jpg,"['Ann Cathrin November Høibo', 'Susan Klebanoff', 'Erin M. Riley', 'Frances Trombly', 'Miguel Cisterna']","['https://www.artsy.net/artist/ann-cathrin-november-hoibo', 'https://www.artsy.net/artist/susan-klebanoff', 'https://www.artsy.net/artist/erin-m-riley', 'https://www.artsy.net/artist/frances-trombly', 'https://www.artsy.net/artist/miguel-cisterna']","['https://d32dm0rphc51dk.cloudfront.net/d6Yy9YDw9i3FadzOQVS5Ug/four_thirds.jpg', 'https://d32dm0rphc51dk.cloudfront.net/g1cbXIEH4BfUNDn7tN6psA/four_thirds.jpg', 'https://d32dm0rphc51dk.cloudfront.net/bfF7j4_ogdDYatWqoMm-qA/four_thirds.jpg', 'https://d32dm0rphc51dk.cloudfront.net/1fripaoNV5-MfEse8ISSYg/square.jpg', 'https://d32dm0rphc51dk.cloudfront.net/uOO47P9PjhON_nPIgrbz8g/four_thirds.jpg']"
39,506b33494466170002000736,Marie Cosindas,female,American,https://www.artsy.net/artist/marie-cosindas,https://d32dm0rphc51dk.cloudfront.net/l_mBCCYHYVI6185OtmgSsg/four_thirds.jpg,"['Neil Montanus', 'Ezra Stoller', 'Josephine Mahaffey', 'Peter Hurd', 'James Weeks']","['https://www.artsy.net/artist/neil-montanus', 'https://www.artsy.net/artist/ezra-stoller', 'https://www.artsy.net/artist/josephine-mahaffey', 'https://www.artsy.net/artist/peter-hurd', 'https://www.artsy.net/artist/james-weeks']","['https://d32dm0rphc51dk.cloudfront.net/DIe__ePjJ40NK7kkgmY_oQ/four_thirds.jpg', 'https://d32dm0rphc51dk.cloudfront.net/ZXmdjHqkLoSp1bErXulEsQ/four_thirds.jpg', 'https://d32dm0rphc51dk.cloudfront.net/cW66RQsOMI9gHhcMe91blQ/four_thirds.jpg', 'https://d32dm0rphc51dk.cloudfront.net/3R5xtpLa88nSqj9fMDmsyg/four_thirds.jpg', 'https://d32dm0rphc51dk.cloudfront.net/MYCSNzlGyHpJ1UwIjQP_-A/square.jpg']"
40,5130dfb4b0c98fab2f0002ca,Barbara Crane,female,American,https://www.artsy.net/artist/barbara-crane,https://d32dm0rphc51dk.cloudfront.net/admdb8N9kK_f3_2DsZBzJQ/four_thirds.jpg,"['Lloyd Ziff', 'Danny Lyon', 'George Tice', 'Rosalind Solomon', 'Ray K. Metzker']","['https://www.artsy.net/artist/lloyd-ziff', 'https://www.artsy.net/artist/danny-lyon', 'https://www.artsy.net/artist/george-tice', 'https://www.artsy.net/artist/rosalind-solomon', 'https://www.artsy.net/artist/ray-k-metzker']","['https://d32dm0rphc51dk.cloudfront.net/sfkSm-kykNI28TNL7m2lTQ/four_thirds.jpg', 'https://d32dm0rphc51dk.cloudfront.net/2r87xwq7ok3l-qXPxJ9XTQ/four_thirds.jpg', 'https://d32dm0rphc51dk.cloudfront.net/siGcFEkH8jV20Xz_5RyXpA/four_thirds.jpg', 'https://d32dm0rphc51dk.cloudfront.net/PrkYixJM4ew1U3f1VX9TJA/four_thirds.jpg', 'https://d32dm0rphc51dk.cloudfront.net/v4bREB30o_MUUyVXNJebdQ/four_thirds.jpg']"
41,4f205d96a540500001000257,Meg Cranston,female,American,https://www.artsy.net/artist/meg-cranston,https://d32dm0rphc51dk.cloudfront.net/wsy7ei5qP65JaGSyZ2vpSw/four_thirds.jpg,"['Rodney McMillian', 'Mario Ybarra. Jr.', 'Liz Glynn', 'Julie Becker', 'Rita McBride']","['https://www.artsy.net/artist/rodney-mcmillian', 'https://www.artsy.net/artist/mario-ybarra-jr', 'https://www.artsy.net/artist/liz-glynn', 'https://www.artsy.net/artist/julie-becker', 'https://www.artsy.net/artist/rita-mcbride']","['https://d32dm0rphc51dk.cloudfront.net/CP-qeV7Gv1lbmFBMjM04AA/four_thirds.jpg', 'https://d32dm0rphc51dk.cloudfront.net/x4hRJkiIxqV3kp9hQVECSQ/four_thirds.jpg', 'https://d32dm0rphc51dk.cloudfront.net/ae0jC2N5mDGmbqHWkWS_Fg/four_thirds.jpg', 'https://d32dm0rphc51dk.cloudfront.net/IanW1roZDNMdPipek5ooyA/four_thirds.jpg', 'https://d32dm0rphc51dk.cloudfront.net/D3oLmCzrqjLqa4wxdYgEbA/four_thirds.jpg']"
42,50d3514bdc71a3f129000d87,Imogen Cunningham,female,American,https://www.artsy.net/artist/imogen-cunningham,https://d32dm0rphc51dk.cloudfront.net/BMB_LWXjdO1qV4QHjuItwg/four_thirds.jpg,"['Ruth Bernhard', 'Louise Dahl-Wolfe', 'Aenne Biermann', 'Berenice Abbott', 'Margaret Watkins']","['https://www.artsy.net/artist/ruth-bernhard', 'https://www.artsy.net/artist/louise-dahl-wolfe', 'https://www.artsy.net/artist/aenne-biermann', 'https://www.artsy.net/artist/berenice-abbott', 'https://www.artsy.net/artist/margaret-watkins']","['https://d32dm0rphc51dk.cloudfront.net/d0KRdlaspKmcHVah4HtecA/four_thirds.jpg', 'https://d32dm0rphc51dk.cloudfront.net/hiqWA5Mp9cyNFG6VlGOg_A/four_thirds.jpg', 'https://d32dm0rphc51dk.cloudfront.net/UP5gEi40dQ3R7bJoHtZ4Sg/four_thirds.jpg', 'https://d32dm0rphc51dk.cloudfront.net/ifmht9PBQo_qgUaXXsEEsQ/four_thirds.jpg', 'https://d32dm0rphc51dk.cloudfront.net/FlK0OSXPUP4HS1MOsH5Uew/four_thirds.jpg']"
43,5307d473a09a67e7c400002a,Louise Dahl-Wolfe,female,American ,https://www.artsy.net/artist/louise-dahl-wolfe,https://d32dm0rphc51dk.cloudfront.net/hiqWA5Mp9cyNFG6VlGOg_A/four_thirds.jpg,"['Ben Somoroff', 'Eve Arnold', 'Imogen Cunningham', 'Milton H. Greene', 'Irving Penn']","['https://www.artsy.net/artist/ben-somoroff', 'https://www.artsy.net/artist/eve-arnold', 'https://www.artsy.net/artist/imogen-cunningham', 'https://www.artsy.net/artist/milton-h-greene', 'https://www.artsy.net/artist/irving-penn']","['https://d32dm0rphc51dk.cloudfront.net/z0S8UgITtiaGZI-oz62dDg/four_thirds.jpg', 'https://d32dm0rphc51dk.cloudfront.net/g1S_RBASIKHbfiZPY6ScnQ/four_thirds.jpg', 'https://d32dm0rphc51dk.cloudfront.net/BMB_LWXjdO1qV4QHjuItwg/four_thirds.jpg', 'https://d32dm0rphc51dk.cloudfront.net/ZvHK2jnAYUV9jXTWde6hww/four_thirds.jpg', 'https://d32dm0rphc51dk.cloudfront.net/Vm8OsGlgEtKBMJ76rpUsNQ/four_thirds.jpg']"
44,51587d49bd4d47441a0000a5,Judy Dater,female,American,https://www.artsy.net/artist/judy-dater,https://d32dm0rphc51dk.cloudfront.net/-EafGbbe1pUDdhs7G1XNHQ/four_thirds.jpg,"['Cynthia MacAdams', 'Birgit Jürgenssen', 'Martha Wilson', 'Mary Kelly', 'Annegret Soltau']","['https://www.artsy.net/artist/cynthia-macadams', 'https://www.artsy.net/artist/birgit-jurgenssen', 'https://www.artsy.net/artist/martha-wilson', 'https://www.artsy.net/artist/mary-kelly', 'https://www.artsy.net/artist/annegret-soltau']","['https://d32dm0rphc51dk.cloudfront.net/fdLUk7jBbAT5nRjtW2y-Aw/square.jpg', 'https://d32dm0rphc51dk.cloudfront.net/5ApxQjojmOyBP1MEYfhing/four_thirds.jpg', 'https://d32dm0rphc51dk.cloudfront.net/yCgEXJu1yc3KIggAkP-C1A/four_thirds.jpg', 'https://d32dm0rphc51dk.cloudfront.net/YK-m1rhOQ0vhvAbO93VG0w/four_thirds.jpg', 'https://d32dm0rphc51dk.cloudfront.net/ziCxuzEzD84HDcE3izGFBQ/four_thirds.jpg']"
45,4f552b2e3b555241700000a4,Lynn Davis,female,American,https://www.artsy.net/artist/lynn-davis,https://d32dm0rphc51dk.cloudfront.net/LUXrBtYBlLrfV_-4p0B21w/four_thirds.jpg,"['Rebecca Palmer', 'Christina Hejtmanek', 'Murray Fredericks', 'Kenneth Parker', 'Adger Cowans']","['https://www.artsy.net/artist/rebecca-palmer', 'https://www.artsy.net/artist/christina-hejtmanek', 'https://www.artsy.net/artist/murray-fredericks', 'https://www.artsy.net/artist/kenneth-parker', 'https://www.artsy.net/artist/adger-cowans']","['https://d32dm0rphc51dk.cloudfront.net/54KcqCi8rlzvgj11gSYp8g/four_thirds.jpg', 'https://d32dm0rphc51dk.cloudfront.net/OCDx2L1gP61ihFHLQrIFTQ/four_thirds.jpg', 'https://d32dm0rphc51dk.cloudfront.net/F1Gx03cXsSv7DGjtjoSjwA/four_thirds.jpg', 'https://d32dm0rphc51dk.cloudfront.net/NOiVwzd-0lvHarTIOwouNw/four_thirds.jpg', 'https://d32dm0rphc51dk.cloudfront.net/A11eUMDHuMQoN25U0EXL6Q/four_thirds.jpg']"
46,4f0648318501fa10ca000002,Magdalena Abakanowicz,female,Polish,https://www.artsy.net/artist/magdalena-abakanowicz,https://d32dm0rphc51dk.cloudfront.net/zphekG31QXK3-VEWYY6rzQ/four_thirds.jpg,"['Alina Szapocznikow', 'Peter Jecza', 'Richard Filipowski', 'Constantin Flondor', 'Adriena Šimotová']","['https://www.artsy.net/artist/alina-szapocznikow', 'https://www.artsy.net/artist/peter-jecza', 'https://www.artsy.net/artist/richard-filipowski', 'https://www.artsy.net/artist/constantin-flondor', 'https://www.artsy.net/artist/adriena-simotova']","['https://d32dm0rphc51dk.cloudfront.net/iaHdpy1OvY8Fsg5AxocY7A/four_thirds.jpg', 'https://d32dm0rphc51dk.cloudfront.net/MYNlktr-_WLacSV_SNpBAw/four_thirds.jpg', 'https://d32dm0rphc51dk.cloudfront.net/MAVg3eElvOxnyM0jLxDh0Q/four_thirds.jpg', 'https://d32dm0rphc51dk.cloudfront.net/xrBhn_8D96gi0ZO3cg-WfA/four_thirds.jpg', 'https://d32dm0rphc51dk.cloudfront.net/bmezc38DfVdiEpyKZPKxTQ/four_thirds.jpg']"
47,5159f18ba13947dd1d00002c,Anna Atkins,female,British,https://www.artsy.net/artist/anna-atkins,https://d32dm0rphc51dk.cloudfront.net/rk-OS-2Pb3WG31AXydvdiQ/four_thirds.jpg,"['William Henry Fox Talbot', 'James Hajicek and Carol Panaro-Smith', 'Adolphe Braun', 'Charles Thurston Thompson', 'Gerda Schütte']","['https://www.artsy.net/artist/william-henry-fox-talbot', 'https://www.artsy.net/artist/james-hajicek-and-carol-panaro-smith', 'https://www.artsy.net/artist/adolphe-braun', 'https://www.artsy.net/artist/charles-thurston-thompson', 'https://www.artsy.net/artist/gerda-schutte']","['https://d32dm0rphc51dk.cloudfront.net/ch2U5aKW393PMZGF-CmORA/four_thirds.jpg', 'https://d32dm0rphc51dk.cloudfront.net/Wmv9hACM_m4liQaePEpyRQ/four_thirds.jpg', 'https://d32dm0rphc51dk.cloudfront.net/e9tTcnwyvMw3WHdCWV9p5w/square.jpg', 'https://d32dm0rphc51dk.cloudfront.net/iDGAvTT-uwxo-iWSI-YZAg/square.jpg', 'https://d32dm0rphc51dk.cloudfront.net/x_fG5Cn3MCOzVa_d02Zv9w/four_thirds.jpg']"
48,524dbdeacd530e91d6000b71,Gae Aulenti,female,Italian,https://www.artsy.net/artist/gae-aulenti,https://d32dm0rphc51dk.cloudfront.net/YWSYggXSa7llwS2n6wWgaQ/four_thirds.jpg,"['Gianfranco Frattini', 'Lina Bo Bardi', 'Luigi Bandini Buti', 'Piero Fornasetti', 'Vico Magistretti']","['https://www.artsy.net/artist/gianfranco-frattini', 'https://www.artsy.net/artist/lina-bo-bardi', 'https://www.artsy.net/artist/luigi-bandini-buti', 'https://www.artsy.net/artist/piero-fornasetti', 'https://www.artsy.net/artist/vico-magistretti']","['https://d32dm0rphc51dk.cloudfront.net/kUHrbgAhku7OkOJ3_kZ5SQ/four_thirds.jpg', 'https://d32dm0rphc51dk.cloudfront.net/wCu-__tsUm7eeMHKa-Pb3Q/four_thirds.jpg', 'https://d32dm0rphc51dk.cloudfront.net/PfNPuXXdnsp2I6Fqj_EeLg/four_thirds.jpg', 'https://d32dm0rphc51dk.cloudfront.net/_JDDsA8uKdEit4ScP3Y0og/four_thirds.jpg', 'https://d32dm0rphc51dk.cloudfront.net/MZ1HWN_BSZQouMebDxLr5A/four_thirds.jpg']"
49,507c4419a49a11000200051a,Elvira Bach,female,German,https://www.artsy.net/artist/elvira-bach,https://d32dm0rphc51dk.cloudfront.net/QcMNlHnRe9d5LUieDp456Q/square.jpg,"['Maria Sulymenko', 'René Romero Schuler', 'Andi Fischer', 'Shaina Craft', 'Fahren Feingold']","['https://www.artsy.net/artist/maria-sulymenko', 'https://www.artsy.net/artist/rene-romero-schuler', 'https://www.artsy.net/artist/andi-fischer', 'https://www.artsy.net/artist/shaina-craft', 'https://www.artsy.net/artist/fahren-feingold']","['https://d32dm0rphc51dk.cloudfront.net/xPn8NqETLovAe7mgfNWm6Q/square.jpg', 'https://d32dm0rphc51dk.cloudfront.net/CR7qxTfDARUwRZFEfb4O9A/square.jpg', 'https://d32dm0rphc51dk.cloudfront.net/DBNe4PNxMHYlHUXJGIGRZQ/tall.jpg', 'https://d32dm0rphc51dk.cloudfront.net/TqSMPXMq4BkBVpjBmHZlig/square.jpg', 'https://d32dm0rphc51dk.cloudfront.net/oi_eWnsegOK7E5YrgJ-qdQ/square.jpg']"
50,55d238517261693770000011,Aenne Biermann,female,,https://www.artsy.net/artist/aenne-biermann,https://d32dm0rphc51dk.cloudfront.net/UP5gEi40dQ3R7bJoHtZ4Sg/four_thirds.jpg,"['Ruth Bernhard', 'Germaine Krull', 'Albert Renger-Patzsch', 'Ilse Bing', 'Imogen Cunningham']","['https://www.artsy.net/artist/ruth-bernhard', 'https://www.artsy.net/artist/germaine-krull', 'https://www.artsy.net/artist/albert-renger-patzsch', 'https://www.artsy.net/artist/ilse-bing', 'https://www.artsy.net/artist/imogen-cunningham']","['https://d32dm0rphc51dk.cloudfront.net/d0KRdlaspKmcHVah4HtecA/four_thirds.jpg', 'https://d32dm0rphc51dk.cloudfront.net/G1k47zgym5ZNzaiuMxaCTQ/four_thirds.jpg', 'https://d32dm0rphc51dk.cloudfront.net/03ekyirlC5LPiWQWMi68CA/four_thirds.jpg', 'https://d32dm0rphc51dk.cloudfront.net/Dm7s0PTI5MZ88RjI1nGoOQ/four_thirds.jpg', 'https://d32dm0rphc51dk.cloudfront.net/BMB_LWXjdO1qV4QHjuItwg/four_thirds.jpg']"
51,5522703b7261695942e93300,Elizabeth Blackadder,female,British,https://www.artsy.net/artist/elizabeth-blackadder,https://d32dm0rphc51dk.cloudfront.net/DJBUt2RGiYH0I_rtyHA0XQ/four_thirds.jpg,"['William Crozier', 'Bernard Cathelin', 'Anthony Fry', 'Toni Onley', 'Garth Scott']","['https://www.artsy.net/artist/william-crozier', 'https://www.artsy.net/artist/bernard-cathelin', 'https://www.artsy.net/artist/anthony-fry', 'https://www.artsy.net/artist/toni-onley', 'https://www.artsy.net/artist/garth-scott']","['https://d32dm0rphc51dk.cloudfront.net/5R2T9FjK_mjq2k_TtxHjvg/four_thirds.jpg', 'https://d32dm0rphc51dk.cloudfront.net/_vhE5gY7cF_IhcJMH56uCQ/four_thirds.jpg', 'https://d32dm0rphc51dk.cloudfront.net/00r0cav5Yg4gNg02uarbwg/four_thirds.jpg', 'https://d32dm0rphc51dk.cloudfront.net/yyJ7MKpPfMnmO3koXTo8fQ/square.jpg', 'https://d32dm0rphc51dk.cloudfront.net/6hUJvsdGxx4mDa0vrGLO2w/four_thirds.jpg']"
52,55521e287261693bf4900600,Sandra Blow,Female,British,https://www.artsy.net/artist/sandra-blow,https://d32dm0rphc51dk.cloudfront.net/5iRDVPJjxo23NxGAW9SBEA/four_thirds.jpg,"['Frank Avray Wilson', 'Celia Cook', 'Tancredi', 'Roberto Crippa', 'Wilhelmina Barns-Graham']","['https://www.artsy.net/artist/frank-avray-wilson', 'https://www.artsy.net/artist/celia-cook', 'https://www.artsy.net/artist/tancredi', 'https://www.artsy.net/artist/roberto-crippa', 'https://www.artsy.net/artist/wilhelmina-barns-graham']","['https://d32dm0rphc51dk.cloudfront.net/HzueAxz7dXJhfQ3X2f40Qg/square.jpg', 'https://d32dm0rphc51dk.cloudfront.net/Fqt6KFeGIMeiNtU5zvKulQ/square.jpg', 'https://d32dm0rphc51dk.cloudfront.net/S1tAY2Q00qjEC5JoeUQlmg/four_thirds.jpg', 'https://d32dm0rphc51dk.cloudfront.net/u5GddtIlx5KpIts5QhjN2w/square.jpg', 'https://d32dm0rphc51dk.cloudfront.net/wtE0ZLO_p3SpSKI20hT1pw/four_thirds.jpg']"
53,4ebb3e21a0a4440001000b47,Miriam Cahn,female,Swiss,https://www.artsy.net/artist/miriam-cahn,https://d32dm0rphc51dk.cloudfront.net/cL-VAXemmq4ccIDViqp5Yw/square.jpg,"['Anne Sauser-Hall', 'Roman Signer', 'Norbert Tadeusz', 'Luciano Castelli', 'Louise Bonnet']","['https://www.artsy.net/artist/anne-sauser-hall', 'https://www.artsy.net/artist/roman-signer', 'https://www.artsy.net/artist/norbert-tadeusz', 'https://www.artsy.net/artist/luciano-castelli', 'https://www.artsy.net/artist/louise-bonnet']","['https://d32dm0rphc51dk.cloudfront.net/hQwMVGkYcePVvv1dgsMj1w/four_thirds.jpg', 'https://d32dm0rphc51dk.cloudfront.net/_aB9re8O6I_43cJxeb2KSA/four_thirds.jpg', 'https://d32dm0rphc51dk.cloudfront.net/d2pYX5YOzrjZXkytjj-qeA/square.jpg', 'https://d32dm0rphc51dk.cloudfront.net/Rg5A_V1jBZvqEstph2UImA/four_thirds.jpg', 'https://d32dm0rphc51dk.cloudfront.net/40zTcSjRuY3-nqqjHcZmdw/four_thirds.jpg']"
54,4eb4168f5fdd9f0001000ad2,Julia Margaret Cameron,female,British,https://www.artsy.net/artist/julia-margaret-cameron,https://d32dm0rphc51dk.cloudfront.net/zbLEPGOjfgN3XCfXTQS2nQ/square.jpg,"['Hill & Adamson', 'William Henry Fox Talbot', 'Oscar Gustav Rejlander', 'Anthony Frederick Augustus Sandys', 'George Henry Harlow']","['https://www.artsy.net/artist/hill-and-adamson', 'https://www.artsy.net/artist/william-henry-fox-talbot', 'https://www.artsy.net/artist/oscar-gustav-rejlander', 'https://www.artsy.net/artist/anthony-frederick-augustus-sandys', 'https://www.artsy.net/artist/george-henry-harlow']","['https://d32dm0rphc51dk.cloudfront.net/xL5gOw-1PAOSsnk5PW6_jA/four_thirds.jpg', 'https://d32dm0rphc51dk.cloudfront.net/ch2U5aKW393PMZGF-CmORA/four_thirds.jpg', 'https://d32dm0rphc51dk.cloudfront.net/07nqsiDGxws4PoL2veh6Gg/four_thirds.jpg', 'https://d32dm0rphc51dk.cloudfront.net/_Ea9iM1GEEZB9oBDhz7JxQ/four_thirds.jpg', 'https://d32dm0rphc51dk.cloudfront.net/vPSQNtu5mdlR_4v5C8H9Dg/four_thirds.jpg']"
55,4dab297e0286243ad1000419,Leonora Carrington,female,British-Mexican,https://www.artsy.net/artist/leonora-carrington,https://d32dm0rphc51dk.cloudfront.net/uNwrp3VWSRB1oztcGBtlFQ/square.jpg,"['Remedios Varo', 'Frida Kahlo', 'José Clemente Orozco', 'Ángel Zárraga', 'Leonor Fini']","['https://www.artsy.net/artist/remedios-varo', 'https://www.artsy.net/artist/frida-kahlo', 'https://www.artsy.net/artist/jose-clemente-orozco', 'https://www.artsy.net/artist/angel-zarraga', 'https://www.artsy.net/artist/leonor-fini']","['https://d32dm0rphc51dk.cloudfront.net/Wi65K7A2eZMX-ToYfmTXrg/four_thirds.jpg', 'https://d32dm0rphc51dk.cloudfront.net/knM6t1PJXeElSTfjUfAeXA/four_thirds.jpg', 'https://d32dm0rphc51dk.cloudfront.net/3G1lC82dSIMObIrjqiUTgg/four_thirds.jpg', 'https://d32dm0rphc51dk.cloudfront.net/aQ9QO8Pj_WYmFxGem8hGMA/four_thirds.jpg', 'https://d32dm0rphc51dk.cloudfront.net/6HpyeiD7VXZsfq1nxgm7jA/four_thirds.jpg']"
56,4f0648328501fa10ca00008e,Felice Casorati,male,Italian,https://www.artsy.net/artist/felice-casorati,https://d32dm0rphc51dk.cloudfront.net/yQW_elRa-_wbz17MiR8HyA/four_thirds.jpg,"['Massimo Campigli', 'Roberto Marcello Baldessari', 'Antonio Mancini', 'Heinrich Maria Davringhausen', 'Christian Schad']","['https://www.artsy.net/artist/massimo-campigli', 'https://www.artsy.net/artist/roberto-marcello-baldessari', 'https://www.artsy.net/artist/antonio-mancini', 'https://www.artsy.net/artist/heinrich-maria-davringhausen', 'https://www.artsy.net/artist/christian-schad']","['https://d32dm0rphc51dk.cloudfront.net/HKwURTpmEV-dN6YhuUc4tw/four_thirds.jpg', 'https://d32dm0rphc51dk.cloudfront.net/r86loFvObIif8RUSEJBYvQ/four_thirds.jpg', 'https://d32dm0rphc51dk.cloudfront.net/jqAsYuz5Sk44PS2f20mplA/four_thirds.jpg', 'https://d32dm0rphc51dk.cloudfront.net/zMLuGvThtgDomHqn_sm7VA/four_thirds.jpg', 'https://d32dm0rphc51dk.cloudfront.net/Yo7-9s8zbWLZ26hXtWlBDQ/four_thirds.jpg']"
57,4f0648328501fa10ca0000b1,Prunella Clough,female,British,https://www.artsy.net/artist/prunella-clough,https://d32dm0rphc51dk.cloudfront.net/pYlRbsWZu2Y65d6BsU3uAg/four_thirds.jpg,"['Donald Hamilton Fraser', 'Trevor Bell', 'Anthony Fry', 'Alan Reynolds', 'Lilian Holt']","['https://www.artsy.net/artist/donald-hamilton-fraser', 'https://www.artsy.net/artist/trevor-bell', 'https://www.artsy.net/artist/anthony-fry', 'https://www.artsy.net/artist/alan-reynolds', 'https://www.artsy.net/artist/lilian-holt']","['https://d32dm0rphc51dk.cloudfront.net/CV77iQSHI94fvpCX5DV3-A/four_thirds.jpg', 'https://d32dm0rphc51dk.cloudfront.net/-lvIL3V_gt3nONg5ar9cbg/four_thirds.jpg', 'https://d32dm0rphc51dk.cloudfront.net/00r0cav5Yg4gNg02uarbwg/four_thirds.jpg', 'https://d32dm0rphc51dk.cloudfront.net/M7bdvb8VxJeqF7LZ0zG7dQ/four_thirds.jpg', 'https://d32dm0rphc51dk.cloudfront.net/9saOHknUCP6r9b5Cahk0KQ/four_thirds.jpg']"
58,4f5f64c13b555230ac000148,Sue Coe,female,English,https://www.artsy.net/artist/sue-coe,https://d32dm0rphc51dk.cloudfront.net/ew3-qBkIXv4-Jt-ZXNxQSQ/large.jpg,"['Terry Pastor', 'Maurice Cockrill', 'P.J. Crook', 'Dorothy Cross', 'Jane Benson']","['https://www.artsy.net/artist/terry-pastor', 'https://www.artsy.net/artist/maurice-cockrill', 'https://www.artsy.net/artist/pj-crook', 'https://www.artsy.net/artist/dorothy-cross', 'https://www.artsy.net/artist/jane-benson']","['https://d32dm0rphc51dk.cloudfront.net/WLxUtuE8qzI1DfJ6t8fxuQ/four_thirds.jpg', 'https://d32dm0rphc51dk.cloudfront.net/RXzIvZmFYyJ7WeQk6LqdXg/four_thirds.jpg', 'https://d32dm0rphc51dk.cloudfront.net/atvYtn0CcQ25uWdCaeXYbA/four_thirds.jpg', 'https://d32dm0rphc51dk.cloudfront.net/xSwm9kkKrBP6Jjtl4Vyu_Q/four_thirds.jpg', 'https://d32dm0rphc51dk.cloudfront.net/zEr2Dlil0y6X8fnnqMuUdw/four_thirds.jpg']"
59,5d24785a9fa10023b11c2b03,Ithell Colquhoun,,,https://www.artsy.net/artist/ithell-colquhoun,https://d32dm0rphc51dk.cloudfront.net/WC1sluIpWb-8HGtZj3bTYA/four_thirds.jpg,"['Katy Lynton', 'Jock MacDonald']","['https://www.artsy.net/artist/katy-lynton', 'https://www.artsy.net/artist/jock-macdonald']","['https://d32dm0rphc51dk.cloudfront.net/DRC5cAY1n33rlK77chtn4Q/four_thirds.jpg', 'https://d32dm0rphc51dk.cloudfront.net/Dr_FNPRNOk0ajKY23htH0w/four_thirds.jpg']"
60,4f0648328501fa10ca0000de,Hanne Darboven,female,German,https://www.artsy.net/artist/hanne-darboven,https://d32dm0rphc51dk.cloudfront.net/ZGVUe_d07f1ayju1VqjYHg/square.jpg,"['Irma Blank', 'Klaus\xa0Rinke', 'On Kawara', 'Channa Horwitz', 'Anna Oppermann']","['https://www.artsy.net/artist/irma-blank', 'https://www.artsy.net/artist/klaus-rinke', 'https://www.artsy.net/artist/on-kawara', 'https://www.artsy.net/artist/channa-horwitz', 'https://www.artsy.net/artist/anna-oppermann']","['https://d32dm0rphc51dk.cloudfront.net/XIG6xfWlf1jQUKc6RSkszg/four_thirds.jpg', 'https://d32dm0rphc51dk.cloudfront.net/9UL7ZTBMn-D2fbu7z1eBpQ/four_thirds.jpg', 'https://d32dm0rphc51dk.cloudfront.net/-_4UiIGa5UP2LpsatQK0bw/four_thirds.jpg', 'https://d32dm0rphc51dk.cloudfront.net/fyefCDXopNRr_S_QgXFl-w/four_thirds.jpg', 'https://d32dm0rphc51dk.cloudfront.net/EYx451sAhOW0SlINlRH--A/four_thirds.jpg']"
61,4e9c4c9b7c10480001007f2c,Niki de Saint Phalle,female,French,https://www.artsy.net/artist/niki-de-saint-phalle,,"['Nancy Spero', 'Ultra Violet', 'Miriam Schapiro', 'June Wayne', 'Lynda Benglis']","['https://www.artsy.net/artist/nancy-spero', 'https://www.artsy.net/artist/ultra-violet', 'https://www.artsy.net/artist/miriam-schapiro', 'https://www.artsy.net/artist/june-wayne', 'https://www.artsy.net/artist/lynda-benglis']","['https://d32dm0rphc51dk.cloudfront.net/KLWT8BtZzQSB2NDYY5PsQA/four_thirds.jpg', 'https://d32dm0rphc51dk.cloudfront.net/dWVJezPRw96YYnJ3-Iri8Q/four_thirds.jpg', 'https://d32dm0rphc51dk.cloudfront.net/teQas4pBgz-ZAYtV2jEbvQ/four_thirds.jpg', 'https://d32dm0rphc51dk.cloudfront.net/KgL04pBWoFn6nxm7NuGbsg/four_thirds.jpg', 'https://d32dm0rphc51dk.cloudfront.net/y0UsNvkWQfzA3CpQBbYltA/four_thirds.jpg']"
